{"assets/images/credits/Profile%20pictures/Seplx.png":["assets/images/credits/Profile%20pictures/Seplx.png"],"assets/images/credits/Profile%20pictures/allansrc.jpeg":["assets/images/credits/Profile%20pictures/allansrc.jpeg"],"assets/images/credits/Profile%20pictures/aoaowangxiao.jpeg":["assets/images/credits/Profile%20pictures/aoaowangxiao.jpeg"],"assets/images/credits/Profile%20pictures/bleonard.png":["assets/images/credits/Profile%20pictures/bleonard.png"],"assets/images/credits/Profile%20pictures/camden.jpeg":["assets/images/credits/Profile%20pictures/camden.jpeg"],"assets/images/credits/Profile%20pictures/evolutionevotv.png":["assets/images/credits/Profile%20pictures/evolutionevotv.png"],"assets/images/credits/Profile%20pictures/faust.png":["assets/images/credits/Profile%20pictures/faust.png"],"assets/images/credits/Profile%20pictures/febryardiansyah.jpeg":["assets/images/credits/Profile%20pictures/febryardiansyah.jpeg"],"assets/images/credits/Profile%20pictures/fristover.png":["assets/images/credits/Profile%20pictures/fristover.png"],"assets/images/credits/Profile%20pictures/funeoz.jpeg":["assets/images/credits/Profile%20pictures/funeoz.jpeg"],"assets/images/credits/Profile%20pictures/goktugvatandas.jpeg":["assets/images/credits/Profile%20pictures/goktugvatandas.jpeg"],"assets/images/credits/Profile%20pictures/haru.jpeg":["assets/images/credits/Profile%20pictures/haru.jpeg"],"assets/images/credits/Profile%20pictures/hexa.png":["assets/images/credits/Profile%20pictures/hexa.png"],"assets/images/credits/Profile%20pictures/horus.png":["assets/images/credits/Profile%20pictures/horus.png"],"assets/images/credits/Profile%20pictures/lars.jpeg":["assets/images/credits/Profile%20pictures/lars.jpeg"],"assets/images/credits/Profile%20pictures/noah.jpeg":["assets/images/credits/Profile%20pictures/noah.jpeg"],"assets/images/credits/Profile%20pictures/nobody.png":["assets/images/credits/Profile%20pictures/nobody.png"],"assets/images/credits/Profile%20pictures/subspace.png":["assets/images/credits/Profile%20pictures/subspace.png"],"assets/images/credits/Profile%20pictures/vanzh.png":["assets/images/credits/Profile%20pictures/vanzh.png"],"assets/images/credits/Profile%20pictures/x7.jpeg":["assets/images/credits/Profile%20pictures/x7.jpeg"],"assets/images/credits/Profile%20pictures/xeu100.png":["assets/images/credits/Profile%20pictures/xeu100.png"],"assets/images/icons/PNG/Gmail-icon.png":["assets/images/icons/PNG/Gmail-icon.png"],"assets/images/icons/PNG/android.png":["assets/images/icons/PNG/android.png"],"assets/images/icons/PNG/authenticator.png":["assets/images/icons/PNG/authenticator.png"],"assets/images/icons/PNG/calculator.png":["assets/images/icons/PNG/calculator.png"],"assets/images/icons/PNG/clock.png":["assets/images/icons/PNG/clock.png"],"assets/images/icons/PNG/containers.png":["assets/images/icons/PNG/containers.png"],"assets/images/icons/PNG/credits.png":["assets/images/icons/PNG/credits.png"],"assets/images/icons/PNG/debian.png":["assets/images/icons/PNG/debian.png"],"assets/images/icons/PNG/developer.png":["assets/images/icons/PNG/developer.png"],"assets/images/icons/PNG/discord.png":["assets/images/icons/PNG/discord.png"],"assets/images/icons/PNG/disks.png":["assets/images/icons/PNG/disks.png"],"assets/images/icons/PNG/facebook.png":["assets/images/icons/PNG/facebook.png"],"assets/images/icons/PNG/files.png":["assets/images/icons/PNG/files.png"],"assets/images/icons/PNG/fuchsia.png":["assets/images/icons/PNG/fuchsia.png"],"assets/images/icons/PNG/github.png":["assets/images/icons/PNG/github.png"],"assets/images/icons/PNG/grey-drag.png":["assets/images/icons/PNG/grey-drag.png"],"assets/images/icons/PNG/help.png":["assets/images/icons/PNG/help.png"],"assets/images/icons/PNG/instagram.png":["assets/images/icons/PNG/instagram.png"],"assets/images/icons/PNG/logs.png":["assets/images/icons/PNG/logs.png"],"assets/images/icons/PNG/macos.png":["assets/images/icons/PNG/macos.png"],"assets/images/icons/PNG/menu.png":["assets/images/icons/PNG/menu.png"],"assets/images/icons/PNG/messages.png":["assets/images/icons/PNG/messages.png"],"assets/images/icons/PNG/music.png":["assets/images/icons/PNG/music.png"],"assets/images/icons/PNG/note_mobile.png":["assets/images/icons/PNG/note_mobile.png"],"assets/images/icons/PNG/notes.png":["assets/images/icons/PNG/notes.png"],"assets/images/icons/PNG/phone.png":["assets/images/icons/PNG/phone.png"],"assets/images/icons/PNG/photos.png":["assets/images/icons/PNG/photos.png"],"assets/images/icons/PNG/reddit.png":["assets/images/icons/PNG/reddit.png"],"assets/images/icons/PNG/root.png":["assets/images/icons/PNG/root.png"],"assets/images/icons/PNG/settings.png":["assets/images/icons/PNG/settings.png"],"assets/images/icons/PNG/social.png":["assets/images/icons/PNG/social.png"],"assets/images/icons/PNG/software-shared.png":["assets/images/icons/PNG/software-shared.png"],"assets/images/icons/PNG/software.png":["assets/images/icons/PNG/software.png"],"assets/images/icons/PNG/task.png":["assets/images/icons/PNG/task.png"],"assets/images/icons/PNG/telegram.png":["assets/images/icons/PNG/telegram.png"],"assets/images/icons/PNG/terminal.png":["assets/images/icons/PNG/terminal.png"],"assets/images/icons/PNG/theme.png":["assets/images/icons/PNG/theme.png"],"assets/images/icons/PNG/twitter.png":["assets/images/icons/PNG/twitter.png"],"assets/images/icons/PNG/ubuntu.png":["assets/images/icons/PNG/ubuntu.png"],"assets/images/icons/PNG/wallpaper.png":["assets/images/icons/PNG/wallpaper.png"],"assets/images/icons/PNG/web.png":["assets/images/icons/PNG/web.png"],"assets/images/icons/PNG/welcome-info.png":["assets/images/icons/PNG/welcome-info.png"],"assets/images/icons/PNG/welcome.png":["assets/images/icons/PNG/welcome.png"],"assets/images/logos/dahliaOS/PNG/dahliaOS-modern.png":["assets/images/logos/dahliaOS/PNG/dahliaOS-modern.png"],"assets/images/logos/dahliaOS/PNG/dahliaOS_logo.png":["assets/images/logos/dahliaOS/PNG/dahliaOS_logo.png"],"assets/images/logos/dahliaOS/PNG/dahliaOS_logo_drop_shadow.png":["assets/images/logos/dahliaOS/PNG/dahliaOS_logo_drop_shadow.png"],"assets/images/logos/dahliaOS/PNG/dahliaOS_logo_whiteout.png":["assets/images/logos/dahliaOS/PNG/dahliaOS_logo_whiteout.png"],"assets/images/logos/dahliaOS/PNG/dahliaOS_logo_with_text.png":["assets/images/logos/dahliaOS/PNG/dahliaOS_logo_with_text.png"],"assets/images/logos/dahliaOS/PNG/dahliaOS_logo_with_text_drop_shadow.png":["assets/images/logos/dahliaOS/PNG/dahliaOS_logo_with_text_drop_shadow.png"],"assets/images/logos/dahliaOS/PNG/dahliaOS_logo_with_text_whiteout.png":["assets/images/logos/dahliaOS/PNG/dahliaOS_logo_with_text_whiteout.png"],"assets/images/wallpapers/Nature/mountain.jpg":["assets/images/wallpapers/Nature/mountain.jpg"],"assets/images/wallpapers/dahliaOS/Bubbles_wallpaper.png":["assets/images/wallpapers/dahliaOS/Bubbles_wallpaper.png"],"assets/images/wallpapers/dahliaOS/Gradient_logo_wallpaper.png":["assets/images/wallpapers/dahliaOS/Gradient_logo_wallpaper.png"],"assets/images/wallpapers/dahliaOS/Three_bubbles_wallpaper.png":["assets/images/wallpapers/dahliaOS/Three_bubbles_wallpaper.png"],"assets/images/wallpapers/dahliaOS/dahliaOS_white_logo_pattern_wallpaper.png":["assets/images/wallpapers/dahliaOS/dahliaOS_white_logo_pattern_wallpaper.png"],"assets/images/wallpapers/dahliaOS/dahliaOS_white_wallpaper.png":["assets/images/wallpapers/dahliaOS/dahliaOS_white_wallpaper.png"],"assets/locales/ar_SA.json":["assets/locales/ar_SA.json"],"assets/locales/bs_BA.json":["assets/locales/bs_BA.json"],"assets/locales/de_DE.json":["assets/locales/de_DE.json"],"assets/locales/en_US.json":["assets/locales/en_US.json"],"assets/locales/fr_FR.json":["assets/locales/fr_FR.json"],"assets/locales/hr_HR.json":["assets/locales/hr_HR.json"],"assets/locales/id_ID.json":["assets/locales/id_ID.json"],"assets/locales/nl_NL.json":["assets/locales/nl_NL.json"],"assets/locales/pl_PL.json":["assets/locales/pl_PL.json"],"assets/locales/pt_BR.json":["assets/locales/pt_BR.json"],"assets/locales/ru_RU.json":["assets/locales/ru_RU.json"],"assets/locales/sv_SE.json":["assets/locales/sv_SE.json"],"assets/locales/uk_UA.json":["assets/locales/uk_UA.json"],"fonts/Cousine/Cousine-Bold.ttf":["fonts/Cousine/Cousine-Bold.ttf"],"fonts/Cousine/Cousine-BoldItalic.ttf":["fonts/Cousine/Cousine-BoldItalic.ttf"],"fonts/Cousine/Cousine-Italic.ttf":["fonts/Cousine/Cousine-Italic.ttf"],"fonts/Cousine/Cousine-Regular.ttf":["fonts/Cousine/Cousine-Regular.ttf"],"fonts/Roboto/Roboto-Black.ttf":["fonts/Roboto/Roboto-Black.ttf"],"fonts/Roboto/Roboto-Bold.ttf":["fonts/Roboto/Roboto-Bold.ttf"],"fonts/Roboto/Roboto-Light.ttf":["fonts/Roboto/Roboto-Light.ttf"],"fonts/Roboto/Roboto-Medium.ttf":["fonts/Roboto/Roboto-Medium.ttf"],"fonts/Roboto/Roboto-Regular.ttf":["fonts/Roboto/Roboto-Regular.ttf"],"fonts/Roboto/Roboto-Thin.ttf":["fonts/Roboto/Roboto-Thin.ttf"],"fonts/Source_Code_Pro/SourceCodePro-Black.ttf":["fonts/Source_Code_Pro/SourceCodePro-Black.ttf"],"fonts/Source_Code_Pro/SourceCodePro-BlackItalic.ttf":["fonts/Source_Code_Pro/SourceCodePro-BlackItalic.ttf"],"fonts/Source_Code_Pro/SourceCodePro-Bold.ttf":["fonts/Source_Code_Pro/SourceCodePro-Bold.ttf"],"fonts/Source_Code_Pro/SourceCodePro-BoldItalic.ttf":["fonts/Source_Code_Pro/SourceCodePro-BoldItalic.ttf"],"fonts/Source_Code_Pro/SourceCodePro-ExtraLight.ttf":["fonts/Source_Code_Pro/SourceCodePro-ExtraLight.ttf"],"fonts/Source_Code_Pro/SourceCodePro-ExtraLightItalic.ttf":["fonts/Source_Code_Pro/SourceCodePro-ExtraLightItalic.ttf"],"fonts/Source_Code_Pro/SourceCodePro-Italic.ttf":["fonts/Source_Code_Pro/SourceCodePro-Italic.ttf"],"fonts/Source_Code_Pro/SourceCodePro-Light.ttf":["fonts/Source_Code_Pro/SourceCodePro-Light.ttf"],"fonts/Source_Code_Pro/SourceCodePro-LightItalic.ttf":["fonts/Source_Code_Pro/SourceCodePro-LightItalic.ttf"],"fonts/Source_Code_Pro/SourceCodePro-Medium.ttf":["fonts/Source_Code_Pro/SourceCodePro-Medium.ttf"],"fonts/Source_Code_Pro/SourceCodePro-MediumItalic.ttf":["fonts/Source_Code_Pro/SourceCodePro-MediumItalic.ttf"],"fonts/Source_Code_Pro/SourceCodePro-Regular.ttf":["fonts/Source_Code_Pro/SourceCodePro-Regular.ttf"],"fonts/Source_Code_Pro/SourceCodePro-SemiBold.ttf":["fonts/Source_Code_Pro/SourceCodePro-SemiBold.ttf"],"fonts/Source_Code_Pro/SourceCodePro-SemiBoldItalic.ttf":["fonts/Source_Code_Pro/SourceCodePro-SemiBoldItalic.ttf"],"fonts/SulphurPoint/SulphurPoint-Bold.ttf":["fonts/SulphurPoint/SulphurPoint-Bold.ttf"],"fonts/SulphurPoint/SulphurPoint-Light.ttf":["fonts/SulphurPoint/SulphurPoint-Light.ttf"],"fonts/SulphurPoint/SulphurPoint-Regular.ttf":["fonts/SulphurPoint/SulphurPoint-Regular.ttf"],"packages/easy_localization/i18n/ar-DZ.json":["packages/easy_localization/i18n/ar-DZ.json"],"packages/easy_localization/i18n/ar.json":["packages/easy_localization/i18n/ar.json"],"packages/easy_localization/i18n/en-US.json":["packages/easy_localization/i18n/en-US.json"],"packages/easy_localization/i18n/en.json":["packages/easy_localization/i18n/en.json"]}