[{"family":"MaterialIcons","fonts":[{"asset":"fonts/MaterialIcons-Regular.otf"}]},{"family":"Sulphur Point","fonts":[{"asset":"fonts/SulphurPoint/SulphurPoint-Bold.ttf"},{"asset":"fonts/SulphurPoint/SulphurPoint-Light.ttf"},{"asset":"fonts/Cousine/Cousine-Italic.ttf"},{"asset":"fonts/SulphurPoint/SulphurPoint-Regular.ttf"}]},{"family":"Cousine","fonts":[{"asset":"fonts/Cousine/Cousine-Bold.ttf"},{"asset":"fonts/Cousine/Cousine-BoldItalic.ttf"},{"asset":"fonts/Cousine/Cousine-Italic.ttf"},{"asset":"fonts/Cousine/Cousine-Regular.ttf"}]},{"family":"Roboto","fonts":[{"weight":100,"asset":"fonts/Roboto/Roboto-Thin.ttf"},{"weight":300,"asset":"fonts/Roboto/Roboto-Light.ttf"},{"weight":400,"asset":"fonts/Roboto/Roboto-Regular.ttf"},{"weight":500,"asset":"fonts/Roboto/Roboto-Medium.ttf"},{"weight":700,"asset":"fonts/Roboto/Roboto-Bold.ttf"},{"weight":900,"asset":"fonts/Roboto/Roboto-Black.ttf"}]},{"family":"Source Code pro","fonts":[{"weight":100,"asset":"fonts/Source_Code_Pro/SourceCodePro-ExtraLight.ttf"},{"weight":100,"style":"italic","asset":"fonts/Source_Code_Pro/SourceCodePro-ExtraLightItalic.ttf"},{"weight":300,"asset":"fonts/Source_Code_Pro/SourceCodePro-Light.ttf"},{"weight":300,"style":"italic","asset":"fonts/Source_Code_Pro/SourceCodePro-LightItalic.ttf"},{"weight":400,"asset":"fonts/Source_Code_Pro/SourceCodePro-Regular.ttf"},{"weight":400,"style":"italic","asset":"fonts/Source_Code_Pro/SourceCodePro-Italic.ttf"},{"weight":500,"asset":"fonts/Source_Code_Pro/SourceCodePro-Medium.ttf"},{"weight":500,"style":"italic","asset":"fonts/Source_Code_Pro/SourceCodePro-MediumItalic.ttf"},{"weight":700,"asset":"fonts/Source_Code_Pro/SourceCodePro-SemiBold.ttf"},{"weight":700,"style":"italic","asset":"fonts/Source_Code_Pro/SourceCodePro-SemiBoldItalic.ttf"},{"weight":900,"asset":"fonts/Source_Code_Pro/SourceCodePro-Bold.ttf"},{"weight":900,"style":"italic","asset":"fonts/Source_Code_Pro/SourceCodePro-BoldItalic.ttf"},{"weight":900,"asset":"fonts/Source_Code_Pro/SourceCodePro-Black.ttf"},{"weight":900,"style":"italic","asset":"fonts/Source_Code_Pro/SourceCodePro-BlackItalic.ttf"}]}]