{"lib/images/Gmail-icon.png":["lib/images/Gmail-icon.png"],"fonts/Roboto/Roboto-Black.ttf":["fonts/Roboto/Roboto-Black.ttf"],"fonts/Roboto/Roboto-Bold.ttf":["fonts/Roboto/Roboto-Bold.ttf"],"fonts/Roboto/Roboto-Light.ttf":["fonts/Roboto/Roboto-Light.ttf"],"fonts/Roboto/Roboto-Medium.ttf":["fonts/Roboto/Roboto-Medium.ttf"],"fonts/Roboto/Roboto-Regular.ttf":["fonts/Roboto/Roboto-Regular.ttf"],"fonts/Roboto/Roboto-Thin.ttf":["fonts/Roboto/Roboto-Thin.ttf"],"fonts/Source_Code_Pro/SourceCodePro-Black.ttf":["fonts/Source_Code_Pro/SourceCodePro-Black.ttf"],"fonts/Source_Code_Pro/SourceCodePro-BlackItalic.ttf":["fonts/Source_Code_Pro/SourceCodePro-BlackItalic.ttf"],"fonts/Source_Code_Pro/SourceCodePro-Bold.ttf":["fonts/Source_Code_Pro/SourceCodePro-Bold.ttf"],"fonts/Source_Code_Pro/SourceCodePro-BoldItalic.ttf":["fonts/Source_Code_Pro/SourceCodePro-BoldItalic.ttf"],"fonts/Source_Code_Pro/SourceCodePro-ExtraLight.ttf":["fonts/Source_Code_Pro/SourceCodePro-ExtraLight.ttf"],"fonts/Source_Code_Pro/SourceCodePro-ExtraLightItalic.ttf":["fonts/Source_Code_Pro/SourceCodePro-ExtraLightItalic.ttf"],"fonts/Source_Code_Pro/SourceCodePro-Italic.ttf":["fonts/Source_Code_Pro/SourceCodePro-Italic.ttf"],"fonts/Source_Code_Pro/SourceCodePro-Light.ttf":["fonts/Source_Code_Pro/SourceCodePro-Light.ttf"],"fonts/Source_Code_Pro/SourceCodePro-LightItalic.ttf":["fonts/Source_Code_Pro/SourceCodePro-LightItalic.ttf"],"fonts/Source_Code_Pro/SourceCodePro-Medium.ttf":["fonts/Source_Code_Pro/SourceCodePro-Medium.ttf"],"fonts/Source_Code_Pro/SourceCodePro-MediumItalic.ttf":["fonts/Source_Code_Pro/SourceCodePro-MediumItalic.ttf"],"fonts/Source_Code_Pro/SourceCodePro-Regular.ttf":["fonts/Source_Code_Pro/SourceCodePro-Regular.ttf"],"fonts/Source_Code_Pro/SourceCodePro-SemiBold.ttf":["fonts/Source_Code_Pro/SourceCodePro-SemiBold.ttf"],"fonts/Source_Code_Pro/SourceCodePro-SemiBoldItalic.ttf":["fonts/Source_Code_Pro/SourceCodePro-SemiBoldItalic.ttf"],"lib/images/icons/v2/compiled/android.png":["lib/images/icons/v2/compiled/android.png"],"lib/application.json":["lib/application.json"],"lib/images/calc.png":["lib/images/calc.png"],"lib/images/icons/v2/compiled/calculator.png":["lib/images/icons/v2/compiled/calculator.png"],"lib/images/clock.png":["lib/images/clock.png","lib/images/icons/v2/compiled/clock.png"],"lib/images/icons/v2/compiled/clock.png":["lib/images/icons/v2/compiled/clock.png"],"lib/images/close.svg":["lib/images/close.svg"],"lib/images/dahlia.png":["lib/images/dahlia.png"],"lib/images/Desktop/Dahlia/dahlia_material_background.jpg":["lib/images/Desktop/Dahlia/dahlia_material_background.jpg"],"lib/images/icons/v2/compiled/debian.png":["lib/images/icons/v2/compiled/debian.png"],"lib/images/def.jpg":["lib/images/def.jpg"],"lib/images/def.png":["lib/images/def.png"],"lib/images/icons/v2/compiled/developer.png":["lib/images/icons/v2/compiled/developer.png"],"lib/images/icons/v2/compiled/disks.png":["lib/images/icons/v2/compiled/disks.png"],"lib/images/icons/v2/compiled/files.png":["lib/images/icons/v2/compiled/files.png"],"lib/images/Desktop/Dahlia/forest.jpg":["lib/images/Desktop/Dahlia/forest.jpg"],"lib/images/gallery.png":["lib/images/gallery.png"],"lib/images/google_logo.png":["lib/images/google_logo.png"],"lib/images/icons/v2/compiled/grey-drag.png":["lib/images/icons/v2/compiled/grey-drag.png"],"lib/images/logo-color.png":["lib/images/logo-color.png"],"lib/images/icons/v2/compiled/logs.png":["lib/images/icons/v2/compiled/logs.png"],"lib/images/icons/v2/compiled/macos.png":["lib/images/icons/v2/compiled/macos.png"],"lib/images/maximize.svg":["lib/images/maximize.svg"],"lib/images/menu.png":["lib/images/menu.png"],"lib/images/icons/v2/compiled/messages.png":["lib/images/icons/v2/compiled/messages.png"],"lib/images/minimize.svg":["lib/images/minimize.svg"],"lib/images/music.png":["lib/images/music.png","lib/images/icons/v2/compiled/music.png"],"lib/images/icons/v2/compiled/music.png":["lib/images/icons/v2/compiled/music.png"],"lib/images/icons/v2/compiled/note_mobile.png":["lib/images/icons/v2/compiled/note_mobile.png"],"lib/images/icons/v2/compiled/notes.png":["lib/images/icons/v2/compiled/notes.png"],"lib/images/notes.png":["lib/images/notes.png","lib/images/icons/v2/compiled/notes.png"],"lib/images/notes.svg":["lib/images/notes.svg","lib/images/icons/v2/notes.svg"],"lib/images/phone.png":["lib/images/phone.png"],"lib/images/icons/v2/compiled/photos.png":["lib/images/icons/v2/compiled/photos.png"],"lib/images/preferences-activities.svg":["lib/images/preferences-activities.svg"],"lib/images/icons/v2/compiled/root.png":["lib/images/icons/v2/compiled/root.png"],"lib/images/icons/v2/compiled/settings.png":["lib/images/icons/v2/compiled/settings.png"],"lib/images/settings.png":["lib/images/settings.png","lib/images/icons/v2/compiled/settings.png"],"lib/images/Desktop/Cityscapes/stairs.png":["lib/images/Desktop/Cityscapes/stairs.png"],"lib/images/icons/v2/compiled/task.png":["lib/images/icons/v2/compiled/task.png"],"lib/images/icons/v2/compiled/terminal.png":["lib/images/icons/v2/compiled/terminal.png"],"lib/images/test.jpg":["lib/images/test.jpg"],"lib/images/icons/v2/compiled/theme.png":["lib/images/icons/v2/compiled/theme.png"],"lib/images/icons/v2/compiled/ubuntu.png":["lib/images/icons/v2/compiled/ubuntu.png"],"lib/images/wallpaper.png":["lib/images/wallpaper.png"],"lib/images/icons/v2/compiled/weather.svg":["lib/images/icons/v2/compiled/weather.svg"],"lib/images/zucc.jpg":["lib/images/zucc.jpg"]}