{
"terminal": {
  "name": "Terminal",
  "theme": "0xFFffa500",
  "version": "1.0",
  "icon": "images/icons/v2/terminal.svg",
  "language": "EN-US",
  "type": "system",
  "author": "noah cain @ dahlia",
  "path": "applications/terminal.dart"
}, 
"calculator": {
  "name": "Calculator",
  "theme": "0xFF4caf50",
  "version": "1.0",
  "icon": "imahes/icons/v2/calculator.png",
  "language": "EN-US",
  "type": "math",
  "author": "horus @ dahlia",
  "path": "applications/calculator.dart"
},
"notes": {
  "name": "Notes",
  "theme": "0xFFFFA000",
  "version": "1.0",
  "icon": "images/icons/v2/notes.png",
  "language": "EN-US",
  "type": "utilities",
  "author": "horus @ dahlia",
  "path": "applications/editor.dart"
},
"demo": {
  "name": "demo",
  "theme": "0xFFffa500",
  "version": "1.0",
  "icon": "null.png",
  "language": "EN-US",
  "type": "none",
  "author": "demo",
  "path": "null"
}
}
